Scenario,R2,MAE,RMSE,Std_Dev
Standard 80/20 split,0.9048650409888107,6046.743701983433,12525.986688954456,0.01
5-fold cross-validation,0.6940523295776132,6167.678576023102,12651.246555844,0.20355230165530325
10% random noise added,0.28598585708503055,6772.352946221446,13778.585357849903,0.02
brand_premium missing,0.7962812360701534,7558.429627479291,15281.703760524435,0.04
